,LOCALITA,DATA,TMEDIA Â°C,UMIDITA %,PRESSIONESLM mb,PRESSIONEMEDIA mb
0,Roma,1/1/2020,5.0,56.0,1029.0,0.0
1,Roma,2/1/2020,7.0,65.0,1030.0,0.0
2,Roma,3/1/2020,7.0,75.0,1028.0,0.0
3,Roma,4/1/2020,8.0,79.0,1023.0,0.0
4,Roma,5/1/2020,8.0,63.0,1024.0,0.0
5,Roma,6/1/2020,5.0,50.0,1027.0,0.0
6,Roma,7/1/2020,4.0,60.0,1025.0,0.0
7,Roma,8/1/2020,6.0,62.0,1027.0,0.0
8,Roma,9/1/2020,6.0,68.0,1028.0,0.0
9,Roma,10/1/2020,7.0,74.0,1025.0,0.0
10,Roma,11/1/2020,7.0,76.0,1024.0,0.0
11,Roma,12/1/2020,7.0,70.0,1025.0,0.0
12,Roma,13/1/2020,6.0,75.0,1025.0,0.0
13,Roma,14/1/2020,8.0,72.0,1026.0,0.0
14,Roma,15/1/2020,6.0,71.0,1028.0,0.0
15,Roma,16/1/2020,6.0,72.0,1029.0,0.0
16,Roma,17/1/2020,7.0,77.0,1026.0,0.0
17,Roma,18/1/2020,9.0,85.0,1021.0,0.0
18,Roma,19/1/2020,9.0,77.0,1022.0,0.0
19,Roma,20/1/2020,10.0,48.0,1032.0,0.0
20,Roma,21/1/2020,10.0,54.0,1036.0,0.0
21,Roma,22/1/2020,8.0,74.0,1033.0,0.0
22,Roma,23/1/2020,8.0,80.0,1028.0,0.0
23,Roma,24/1/2020,10.0,75.0,1026.0,0.0
24,Roma,25/1/2020,12.0,77.0,1022.0,0.0
25,Roma,26/1/2020,9.0,83.0,1020.0,0.0
26,Roma,27/1/2020,9.0,84.0,1020.0,0.0
27,Roma,28/1/2020,12.0,84.0,1016.0,0.0
28,Roma,29/1/2020,11.0,82.0,1014.0,0.0
29,Roma,30/1/2020,9.0,77.0,1020.0,0.0
30,Roma,31/1/2020,12.0,75.0,1021.0,0.0
0,Roma,1/2/2020,12.0,86.0,1021.0,0.0
1,Roma,2/2/2020,13.0,81.0,1022.0,0.0
2,Roma,3/2/2020,13.0,81.0,1019.0,0.0
3,Roma,4/2/2020,12.0,77.0,1011.0,0.0
4,Roma,5/2/2020,8.0,43.0,1014.0,0.0
5,Roma,6/2/2020,7.0,31.0,1022.0,0.0
6,Roma,7/2/2020,6.0,44.0,1026.0,0.0
7,Roma,8/2/2020,7.0,57.0,1028.0,0.0
8,Roma,9/2/2020,10.0,69.0,1031.0,0.0
9,Roma,10/2/2020,12.0,83.0,1025.0,0.0
10,Roma,11/2/2020,14.0,78.0,1016.0,0.0
11,Roma,12/2/2020,12.0,64.0,1018.0,0.0
12,Roma,13/2/2020,10.0,71.0,1021.0,0.0
13,Roma,14/2/2020,14.0,61.0,1017.0,0.0
14,Roma,15/2/2020,10.0,56.0,1025.0,0.0
15,Roma,16/2/2020,10.0,69.0,1029.0,0.0
16,Roma,17/2/2020,10.0,67.0,1028.0,0.0
17,Roma,18/2/2020,11.0,82.0,1024.0,0.0
18,Roma,19/2/2020,10.0,90.0,1020.0,0.0
19,Roma,20/2/2020,10.0,66.0,1022.0,0.0
20,Roma,21/2/2020,9.0,61.0,1024.0,0.0
21,Roma,22/2/2020,10.0,75.0,1029.0,0.0
22,Roma,23/2/2020,11.0,83.0,1029.0,0.0
23,Roma,24/2/2020,13.0,78.0,1022.0,0.0
24,Roma,25/2/2020,13.0,76.0,1015.0,0.0
25,Roma,26/2/2020,12.0,69.0,1005.0,0.0
26,Roma,27/2/2020,8.0,61.0,1012.0,0.0
27,Roma,28/2/2020,13.0,51.0,1013.0,0.0
28,Roma,29/2/2020,11.0,55.0,1018.0,0.0
0,Roma,1/3/2020,14.0,78.0,1010.0,0.0
1,Roma,2/3/2020,13.0,82.0,1005.0,0.0
2,Roma,3/3/2020,11.0,70.0,1002.0,0.0
3,Roma,4/3/2020,9.0,70.0,1008.0,0.0
4,Roma,5/3/2020,10.0,66.0,1010.0,0.0
5,Roma,6/3/2020,12.0,77.0,1003.0,0.0
6,Roma,7/3/2020,11.0,72.0,1007.0,0.0
7,Roma,8/3/2020,10.0,57.0,1016.0,0.0
8,Roma,9/3/2020,9.0,64.0,1013.0,0.0
9,Roma,10/3/2020,11.0,62.0,1016.0,0.0
10,Roma,11/3/2020,14.0,62.0,1022.0,0.0
11,Roma,12/3/2020,14.0,69.0,1022.0,0.0
12,Roma,13/3/2020,13.0,84.0,1017.0,0.0
13,Roma,14/3/2020,13.0,83.0,1015.0,0.0
14,Roma,15/3/2020,14.0,66.0,1019.0,0.0
15,Roma,16/3/2020,13.0,55.0,1025.0,0.0
16,Roma,17/3/2020,13.0,68.0,1029.0,0.0
17,Roma,18/3/2020,14.0,63.0,1024.0,0.0
18,Roma,19/3/2020,15.0,56.0,1024.0,0.0
19,Roma,20/3/2020,14.0,57.0,1021.0,0.0
20,Roma,21/3/2020,14.0,55.0,1014.0,0.0
21,Roma,22/3/2020,15.0,58.0,1013.0,0.0
22,Roma,23/3/2020,9.0,35.0,1018.0,0.0
23,Roma,24/3/2020,6.0,47.0,1018.0,0.0
24,Roma,25/3/2020,8.0,46.0,1010.0,0.0
25,Roma,26/3/2020,9.0,82.0,1001.0,0.0
26,Roma,27/3/2020,12.0,79.0,1008.0,0.0
27,Roma,28/3/2020,12.0,77.0,1013.0,0.0
28,Roma,29/3/2020,14.0,72.0,1013.0,0.0
29,Roma,30/3/2020,14.0,71.0,1012.0,0.0
30,Roma,31/3/2020,11.0,68.0,1014.0,0.0
0,Roma,1/4/2020,8.0,41.0,1015.0,0.0
1,Roma,2/4/2020,10.0,52.0,1013.0,0.0
2,Roma,3/4/2020,12.0,55.0,1011.0,0.0
3,Roma,4/4/2020,13.0,48.0,1014.0,0.0
4,Roma,5/4/2020,14.0,38.0,1017.0,0.0
5,Roma,6/4/2020,15.0,45.0,1022.0,0.0
6,Roma,7/4/2020,16.0,50.0,1026.0,0.0
7,Roma,8/4/2020,16.0,53.0,1024.0,0.0
8,Roma,9/4/2020,16.0,61.0,1021.0,0.0
9,Roma,10/4/2020,17.0,54.0,1022.0,0.0
10,Roma,11/4/2020,16.0,56.0,1021.0,0.0
11,Roma,12/4/2020,17.0,65.0,1021.0,0.0
12,Roma,13/4/2020,17.0,62.0,1016.0,0.0
13,Roma,14/4/2020,13.0,79.0,1012.0,0.0
14,Roma,15/4/2020,12.0,57.0,1020.0,0.0
15,Roma,16/4/2020,15.0,60.0,1022.0,0.0
16,Roma,17/4/2020,17.0,66.0,1020.0,0.0
17,Roma,18/4/2020,16.0,85.0,1018.0,0.0
18,Roma,19/4/2020,17.0,80.0,1014.0,0.0
19,Roma,20/4/2020,17.0,85.0,1006.0,0.0
20,Roma,21/4/2020,17.0,81.0,1005.0,0.0
21,Roma,22/4/2020,14.0,94.0,1010.0,0.0
22,Roma,23/4/2020,16.0,80.0,1015.0,0.0
23,Roma,24/4/2020,17.0,70.0,1015.0,0.0
24,Roma,25/4/2020,17.0,68.0,1012.0,0.0
25,Roma,26/4/2020,17.0,57.0,1011.0,0.0
26,Roma,27/4/2020,16.0,72.0,1014.0,0.0
27,Roma,28/4/2020,17.0,76.0,1013.0,0.0
28,Roma,29/4/2020,17.0,77.0,1012.0,0.0
29,Roma,30/4/2020,18.0,61.0,1014.0,0.0
0,Roma,1/5/2020,19.0,62.0,1012.0,0.0
1,Roma,2/5/2020,19.0,66.0,1010.0,0.0
2,Roma,3/5/2020,21.0,59.0,1012.0,0.0
3,Roma,4/5/2020,19.0,46.0,1018.0,0.0
4,Roma,5/5/2020,20.0,46.0,1017.0,0.0
5,Roma,6/5/2020,21.0,60.0,1012.0,0.0
6,Roma,7/5/2020,19.0,49.0,1018.0,0.0
7,Roma,8/5/2020,20.0,48.0,1021.0,0.0
8,Roma,9/5/2020,20.0,47.0,1017.0,0.0
9,Roma,10/5/2020,21.0,44.0,1012.0,0.0
10,Roma,11/5/2020,19.0,62.0,1009.0,0.0
11,Roma,12/5/2020,20.0,62.0,1013.0,0.0
12,Roma,13/5/2020,23.0,49.0,1010.0,0.0
13,Roma,14/5/2020,24.0,47.0,1007.0,0.0
14,Roma,15/5/2020,21.0,56.0,1014.0,0.0
15,Roma,16/5/2020,25.0,43.0,1014.0,0.0
16,Roma,17/5/2020,25.0,53.0,1015.0,0.0
17,Roma,18/5/2020,25.0,50.0,1012.0,0.0
18,Roma,19/5/2020,21.0,64.0,1011.0,0.0
19,Roma,20/5/2020,19.0,72.0,1008.0,0.0
20,Roma,21/5/2020,23.0,42.0,1014.0,0.0
21,Roma,22/5/2020,23.0,41.0,1023.0,0.0
22,Roma,23/5/2020,24.0,44.0,1025.0,0.0
23,Roma,24/5/2020,22.0,52.0,1023.0,0.0
24,Roma,25/5/2020,22.0,59.0,1023.0,0.0
25,Roma,26/5/2020,21.0,45.0,1023.0,0.0
26,Roma,27/5/2020,19.0,38.0,1025.0,0.0
27,Roma,28/5/2020,19.0,48.0,1023.0,0.0
28,Roma,29/5/2020,17.0,74.0,1018.0,0.0
29,Roma,30/5/2020,16.0,72.0,1015.0,0.0
30,Roma,31/5/2020,18.0,61.0,1015.0,0.0
0,Roma,1/6/2020,20.0,59.0,1015.0,0.0
1,Roma,2/6/2020,20.0,59.0,1014.0,0.0
2,Roma,3/6/2020,21.0,62.0,1011.0,0.0
3,Roma,4/6/2020,21.0,62.0,1006.0,0.0
4,Roma,5/6/2020,20.0,78.0,1002.0,0.0
5,Roma,6/6/2020,20.0,67.0,1008.0,0.0
6,Roma,7/6/2020,21.0,65.0,1010.0,0.0
7,Roma,8/6/2020,21.0,68.0,1008.0,0.0
8,Roma,9/6/2020,20.0,65.0,1011.0,0.0
9,Roma,10/6/2020,19.0,67.0,1012.0,0.0
10,Roma,11/6/2020,17.0,82.0,1012.0,0.0
11,Roma,12/6/2020,19.0,61.0,1014.0,0.0
12,Roma,13/6/2020,20.0,67.0,1014.0,0.0
13,Roma,14/6/2020,21.0,71.0,1013.0,0.0
14,Roma,15/6/2020,23.0,60.0,1013.0,0.0
15,Roma,16/6/2020,21.0,69.0,1012.0,0.0
16,Roma,17/6/2020,21.0,74.0,1012.0,0.0
17,Roma,18/6/2020,21.0,71.0,1015.0,0.0
18,Roma,19/6/2020,21.0,63.0,1016.0,0.0
19,Roma,20/6/2020,22.0,62.0,1015.0,0.0
20,Roma,21/6/2020,22.0,61.0,1013.0,0.0
21,Roma,22/6/2020,24.0,54.0,1014.0,0.0
22,Roma,23/6/2020,27.0,39.0,1016.0,0.0
23,Roma,24/6/2020,25.0,44.0,1018.0,0.0
24,Roma,25/6/2020,25.0,50.0,1018.0,0.0
25,Roma,26/6/2020,25.0,48.0,1017.0,0.0
26,Roma,27/6/2020,26.0,44.0,1016.0,0.0
27,Roma,28/6/2020,26.0,45.0,1015.0,0.0
28,Roma,29/6/2020,26.0,60.0,1014.0,0.0
29,Roma,30/6/2020,26.0,59.0,1014.0,0.0
0,Roma,1/7/2020,27.0,61.0,1013.0,0.0
1,Roma,2/7/2020,27.0,61.0,1011.0,0.0
2,Roma,3/7/2020,26.0,71.0,1011.0,0.0
3,Roma,4/7/2020,24.0,77.0,1013.0,0.0
4,Roma,5/7/2020,25.0,54.0,1013.0,0.0
5,Roma,6/7/2020,26.0,48.0,1009.0,0.0
6,Roma,7/7/2020,27.0,54.0,1009.0,0.0
7,Roma,8/7/2020,25.0,60.0,1015.0,0.0
8,Roma,9/7/2020,27.0,54.0,1016.0,0.0
9,Roma,10/7/2020,27.0,49.0,1015.0,0.0
10,Roma,11/7/2020,26.0,57.0,1015.0,0.0
11,Roma,12/7/2020,26.0,67.0,1015.0,0.0
12,Roma,13/7/2020,25.0,56.0,1015.0,0.0
13,Roma,14/7/2020,24.0,43.0,1012.0,0.0
14,Roma,15/7/2020,24.0,59.0,1014.0,0.0
15,Roma,16/7/2020,24.0,61.0,1014.0,0.0
16,Roma,17/7/2020,24.0,61.0,1012.0,0.0
17,Roma,18/7/2020,24.0,54.0,1012.0,0.0
18,Roma,19/7/2020,24.0,42.0,1014.0,0.0
19,Roma,20/7/2020,25.0,50.0,1017.0,0.0
20,Roma,21/7/2020,27.0,54.0,1019.0,0.0
21,Roma,22/7/2020,28.0,47.0,1017.0,0.0
22,Roma,23/7/2020,27.0,50.0,1013.0,0.0
23,Roma,24/7/2020,26.0,61.0,1011.0,0.0
24,Roma,25/7/2020,27.0,50.0,1011.0,0.0
25,Roma,26/7/2020,26.0,48.0,1015.0,0.0
26,Roma,27/7/2020,27.0,43.0,1017.0,0.0
27,Roma,28/7/2020,28.0,52.0,1016.0,0.0
28,Roma,29/7/2020,28.0,55.0,1016.0,0.0
29,Roma,30/7/2020,30.0,48.0,1017.0,0.0
30,Roma,31/7/2020,29.0,57.0,1016.0,0.0
0,Roma,1/8/2020,32.0,44.0,1012.0,0.0
1,Roma,2/8/2020,29.0,58.0,1010.0,0.0
2,Roma,3/8/2020,27.0,62.0,1008.0,0.0
3,Roma,4/8/2020,24.0,56.0,1006.0,0.0
4,Roma,5/8/2020,24.0,53.0,1009.0,0.0
5,Roma,6/8/2020,24.0,55.0,1012.0,0.0
6,Roma,7/8/2020,26.0,54.0,1014.0,0.0
7,Roma,8/8/2020,28.0,46.0,1014.0,0.0
8,Roma,9/8/2020,29.0,41.0,1014.0,0.0
9,Roma,10/8/2020,28.0,48.0,1014.0,0.0
10,Roma,11/8/2020,28.0,55.0,1015.0,0.0
11,Roma,12/8/2020,28.0,52.0,1016.0,0.0
12,Roma,13/8/2020,28.0,47.0,1016.0,0.0
13,Roma,14/8/2020,27.0,52.0,1013.0,0.0
14,Roma,15/8/2020,28.0,66.0,1012.0,0.0
15,Roma,16/8/2020,27.0,56.0,1012.0,0.0
16,Roma,17/8/2020,27.0,55.0,1012.0,0.0
17,Roma,18/8/2020,26.0,68.0,1011.0,0.0
18,Roma,19/8/2020,26.0,54.0,1011.0,0.0
19,Roma,20/8/2020,27.0,54.0,1013.0,0.0
20,Roma,21/8/2020,28.0,45.0,1016.0,0.0
21,Roma,22/8/2020,27.0,47.0,1016.0,0.0
22,Roma,23/8/2020,27.0,65.0,1013.0,0.0
23,Roma,24/8/2020,26.0,68.0,1011.0,0.0
24,Roma,25/8/2020,26.0,61.0,1013.0,0.0
25,Roma,26/8/2020,26.0,64.0,1016.0,0.0
26,Roma,27/8/2020,26.0,69.0,1014.0,0.0
27,Roma,28/8/2020,27.0,55.0,1010.0,0.0
28,Roma,29/8/2020,28.0,48.0,1006.0,0.0
29,Roma,30/8/2020,28.0,58.0,1009.0,0.0
30,Roma,31/8/2020,20.0,80.0,1014.0,0.0
0,Roma,1/9/2020,20.0,69.0,1012.0,0.0
1,Roma,2/9/2020,22.0,64.0,1014.0,0.0
2,Roma,3/9/2020,23.0,63.0,1019.0,0.0
3,Roma,4/9/2020,23.0,63.0,1023.0,0.0
4,Roma,5/9/2020,24.0,58.0,1019.0,0.0
5,Roma,6/9/2020,24.0,61.0,1015.0,0.0
6,Roma,7/9/2020,24.0,60.0,1015.0,0.0
7,Roma,8/9/2020,26.0,56.0,1020.0,0.0
8,Roma,9/9/2020,26.0,55.0,1022.0,0.0
9,Roma,10/9/2020,26.0,60.0,1016.0,0.0
10,Roma,11/9/2020,24.0,72.0,1012.0,0.0
11,Roma,12/9/2020,25.0,62.0,1015.0,0.0
12,Roma,13/9/2020,26.0,53.0,1019.0,0.0
13,Roma,14/9/2020,27.0,47.0,1021.0,0.0
14,Roma,15/9/2020,26.0,48.0,1019.0,0.0
15,Roma,16/9/2020,25.0,49.0,1016.0,0.0
16,Roma,17/9/2020,25.0,52.0,1013.0,0.0
17,Roma,18/9/2020,25.0,54.0,1015.0,0.0
18,Roma,19/9/2020,24.0,63.0,1017.0,0.0
19,Roma,20/9/2020,24.0,62.0,1016.0,0.0
20,Roma,21/9/2020,23.0,73.0,1015.0,0.0
21,Roma,22/9/2020,23.0,71.0,1015.0,0.0
22,Roma,23/9/2020,20.0,80.0,1013.0,0.0
23,Roma,24/9/2020,22.0,77.0,1013.0,0.0
24,Roma,25/9/2020,22.0,71.0,1003.0,0.0
25,Roma,26/9/2020,14.0,68.0,1000.0,0.0
26,Roma,27/9/2020,13.0,83.0,1002.0,0.0
27,Roma,28/9/2020,13.0,84.0,1009.0,0.0
28,Roma,29/9/2020,15.0,71.0,1017.0,0.0
29,Roma,30/9/2020,17.0,74.0,1015.0,0.0
0,Roma,1/10/2020,17.0,79.0,1011.0,0.0
1,Roma,2/10/2020,19.0,68.0,1006.0,0.0
2,Roma,3/10/2020,21.0,64.0,1003.0,0.0
3,Roma,4/10/2020,18.0,71.0,1010.0,0.0
4,Roma,5/10/2020,19.0,71.0,1012.0,0.0
5,Roma,6/10/2020,17.0,69.0,1017.0,0.0
6,Roma,7/10/2020,18.0,80.0,1013.0,0.0
7,Roma,8/10/2020,17.0,63.0,1019.0,0.0
8,Roma,9/10/2020,16.0,69.0,1022.0,0.0
9,Roma,10/10/2020,17.0,73.0,1019.0,0.0
10,Roma,11/10/2020,16.0,83.0,1013.0,0.0
11,Roma,12/10/2020,14.0,79.0,1006.0,0.0
12,Roma,13/10/2020,13.0,69.0,1009.0,0.0
13,Roma,14/10/2020,16.0,72.0,1009.0,0.0
14,Roma,15/10/2020,16.0,76.0,1007.0,0.0
15,Roma,16/10/2020,13.0,78.0,1012.0,0.0
16,Roma,17/10/2020,14.0,81.0,1015.0,0.0
17,Roma,18/10/2020,14.0,75.0,1019.0,0.0
18,Roma,19/10/2020,14.0,74.0,1023.0,0.0
19,Roma,20/10/2020,14.0,75.0,1024.0,0.0
20,Roma,21/10/2020,15.0,68.0,1024.0,0.0
21,Roma,22/10/2020,15.0,75.0,1024.0,0.0
22,Roma,23/10/2020,17.0,80.0,1022.0,0.0
23,Roma,24/10/2020,18.0,83.0,1018.0,0.0
24,Roma,25/10/2020,15.0,85.0,1017.0,0.0
25,Roma,26/10/2020,17.0,80.0,1012.0,0.0
26,Roma,27/10/2020,15.0,73.0,1011.0,0.0
27,Roma,28/10/2020,13.0,73.0,1016.0,0.0
28,Roma,29/10/2020,13.0,78.0,1020.0,0.0
29,Roma,30/10/2020,14.0,80.0,1023.0,0.0
30,Roma,31/10/2020,14.0,83.0,1024.0,0.0
0,Roma,1/11/2020,15.0,81.0,1023.0,0.0
1,Roma,2/11/2020,15.0,79.0,1024.0,0.0
2,Roma,3/11/2020,14.0,82.0,1023.0,0.0
3,Roma,4/11/2020,15.0,83.0,1022.0,0.0
4,Roma,5/11/2020,16.0,81.0,1025.0,0.0
5,Roma,6/11/2020,15.0,73.0,1027.0,0.0
6,Roma,7/11/2020,14.0,83.0,1028.0,0.0
7,Roma,8/11/2020,13.0,85.0,1026.0,0.0
8,Roma,9/11/2020,14.0,78.0,1023.0,0.0
9,Roma,10/11/2020,14.0,80.0,1023.0,0.0
10,Roma,11/11/2020,14.0,83.0,1024.0,0.0
11,Roma,12/11/2020,14.0,83.0,1024.0,0.0
12,Roma,13/11/2020,15.0,82.0,1024.0,0.0
13,Roma,14/11/2020,15.0,87.0,1023.0,0.0
14,Roma,15/11/2020,15.0,86.0,1021.0,0.0
15,Roma,16/11/2020,17.0,86.0,1017.0,0.0
16,Roma,17/11/2020,14.0,77.0,1018.0,0.0
17,Roma,18/11/2020,14.0,74.0,1026.0,0.0
18,Roma,19/11/2020,13.0,84.0,1023.0,0.0
19,Roma,20/11/2020,14.0,75.0,1012.0,0.0
20,Roma,21/11/2020,12.0,43.0,1019.0,0.0
21,Roma,22/11/2020,9.0,47.0,1025.0,0.0
22,Roma,23/11/2020,9.0,70.0,1025.0,0.0
23,Roma,24/11/2020,10.0,80.0,1022.0,0.0
24,Roma,25/11/2020,11.0,81.0,1022.0,0.0
25,Roma,26/11/2020,10.0,80.0,1023.0,0.0
26,Roma,27/11/2020,12.0,79.0,1020.0,0.0
27,Roma,28/11/2020,14.0,64.0,1013.0,0.0
28,Roma,29/11/2020,12.0,78.0,1010.0,0.0
29,Roma,30/11/2020,11.0,80.0,1018.0,0.0
0,Roma,1/12/2020,10.0,86.0,1014.0,0.0
1,Roma,2/12/2020,10.0,86.0,1007.0,0.0
2,Roma,3/12/2020,9.0,87.0,1005.0,0.0
3,Roma,4/12/2020,10.0,77.0,1003.0,0.0
4,Roma,5/12/2020,16.0,71.0,1001.0,0.0
5,Roma,6/12/2020,10.0,91.0,999.0,0.0
6,Roma,7/12/2020,11.0,75.0,1006.0,0.0
7,Roma,8/12/2020,12.0,87.0,1000.0,0.0
8,Roma,9/12/2020,10.0,85.0,1001.0,0.0
9,Roma,10/12/2020,9.0,80.0,1004.0,0.0
10,Roma,11/12/2020,9.0,83.0,1003.0,0.0
11,Roma,12/12/2020,8.0,80.0,999.0,0.0
12,Roma,13/12/2020,7.0,76.0,1006.0,0.0
13,Roma,14/12/2020,8.0,67.0,1015.0,0.0
14,Roma,15/12/2020,7.0,76.0,1019.0,0.0
15,Roma,16/12/2020,8.0,78.0,1022.0,0.0
16,Roma,17/12/2020,8.0,80.0,1025.0,0.0
17,Roma,18/12/2020,8.0,84.0,1026.0,0.0
18,Roma,19/12/2020,8.0,81.0,1025.0,0.0
19,Roma,20/12/2020,8.0,80.0,1023.0,0.0
20,Roma,21/12/2020,8.0,79.0,1025.0,0.0
21,Roma,22/12/2020,9.0,86.0,1026.0,0.0
22,Roma,23/12/2020,11.0,86.0,1026.0,0.0
23,Roma,24/12/2020,14.0,82.0,1019.0,0.0
24,Roma,25/12/2020,12.0,77.0,1012.0,0.0
25,Roma,26/12/2020,7.0,86.0,1009.0,0.0
26,Roma,27/12/2020,6.0,77.0,1007.0,0.0
27,Roma,28/12/2020,10.0,73.0,997.0,0.0
28,Roma,29/12/2020,11.0,72.0,1002.0,0.0
29,Roma,30/12/2020,9.0,80.0,1004.0,0.0
30,Roma,31/12/2020,7.0,82.0,1011.0,0.0
0,Roma,1/1/2021,9.0,77.0,1010.0,0.0
1,Roma,2/1/2021,10.0,79.0,1005.0,0.0
2,Roma,3/1/2021,7.0,86.0,1009.0,0.0
3,Roma,4/1/2021,7.0,82.0,1010.0,0.0
4,Roma,5/1/2021,8.0,82.0,1008.0,0.0
5,Roma,6/1/2021,8.0,70.0,1012.0,0.0
6,Roma,7/1/2021,5.0,80.0,1013.0,0.0
7,Roma,8/1/2021,6.0,84.0,1009.0,0.0
8,Roma,9/1/2021,6.0,86.0,1010.0,0.0
9,Roma,10/1/2021,7.0,88.0,1008.0,0.0
10,Roma,11/1/2021,5.0,82.0,1012.0,0.0
11,Roma,12/1/2021,5.0,83.0,1014.0,0.0
12,Roma,13/1/2021,5.0,78.0,1014.0,0.0
13,Roma,14/1/2021,,,,
14,Roma,15/1/2021,8.0,62.0,1010.0,0.0
15,Roma,16/1/2021,4.0,56.0,1016.0,0.0
16,Roma,17/1/2021,2.0,76.0,1015.0,0.0
17,Roma,18/1/2021,5.0,68.0,1021.0,0.0
18,Roma,19/1/2021,6.0,71.0,1026.0,0.0
19,Roma,20/1/2021,10.0,74.0,1023.0,0.0
20,Roma,21/1/2021,13.0,78.0,1017.0,0.0
21,Roma,22/1/2021,13.0,85.0,1009.0,0.0
22,Roma,23/1/2021,11.0,68.0,1002.0,0.0
23,Roma,24/1/2021,10.0,80.0,999.0,0.0
24,Roma,25/1/2021,9.0,76.0,1004.0,0.0
25,Roma,26/1/2021,6.0,62.0,1012.0,0.0
26,Roma,27/1/2021,4.0,66.0,1016.0,0.0
27,Roma,28/1/2021,6.0,61.0,1015.0,0.0
28,Roma,29/1/2021,11.0,81.0,1009.0,0.0
29,Roma,30/1/2021,12.0,72.0,1005.0,0.0
30,Roma,31/1/2021,12.0,81.0,995.0,0.0
0,Roma,1/2/2021,10.0,82.0,999.0,0.0
1,Roma,2/2/2021,11.0,80.0,1010.0,0.0
2,Roma,3/2/2021,12.0,79.0,1017.0,0.0
3,Roma,4/2/2021,13.0,79.0,1018.0,0.0
4,Roma,5/2/2021,13.0,75.0,1016.0,0.0
5,Roma,6/2/2021,15.0,57.0,1012.0,0.0
6,Roma,7/2/2021,15.0,67.0,1001.0,0.0
7,Roma,8/2/2021,11.0,78.0,1000.0,0.0
8,Roma,9/2/2021,13.0,79.0,1004.0,0.0
9,Roma,10/2/2021,13.0,84.0,1004.0,0.0
10,Roma,11/2/2021,10.0,81.0,1010.0,0.0
11,Roma,12/2/2021,10.0,77.0,1017.0,0.0
12,Roma,13/2/2021,6.0,72.0,1016.0,0.0
13,Roma,14/2/2021,2.0,41.0,1028.0,0.0
14,Roma,15/2/2021,4.0,44.0,1035.0,0.0
15,Roma,16/2/2021,5.0,59.0,1029.0,0.0
16,Roma,17/2/2021,9.0,72.0,1023.0,0.0
17,Roma,18/2/2021,10.0,71.0,1024.0,0.0
18,Roma,19/2/2021,9.0,73.0,1026.0,0.0
19,Roma,20/2/2021,12.0,70.0,1026.0,0.0
20,Roma,21/2/2021,10.0,75.0,1025.0,0.0
21,Roma,22/2/2021,11.0,78.0,1029.0,0.0
22,Roma,23/2/2021,11.0,82.0,1034.0,0.0
23,Roma,24/2/2021,12.0,79.0,1033.0,0.0
24,Roma,25/2/2021,12.0,76.0,1031.0,0.0
25,Roma,26/2/2021,11.0,84.0,1027.0,0.0
26,Roma,27/2/2021,10.0,85.0,1023.0,0.0
27,Roma,28/2/2021,11.0,71.0,1025.0,0.0
0,Roma,1/3/2021,10.0,70.0,1027.0,0.0
1,Roma,2/3/2021,10.0,69.0,1031.0,0.0
2,Roma,3/3/2021,11.0,67.0,1030.0,0.0
3,Roma,4/3/2021,10.0,71.0,1025.0,0.0
4,Roma,5/3/2021,11.0,72.0,1018.0,0.0
5,Roma,6/3/2021,12.0,83.0,1022.0,0.0
6,Roma,7/3/2021,10.0,85.0,1022.0,0.0
7,Roma,8/3/2021,10.0,88.0,1014.0,0.0
8,Roma,9/3/2021,10.0,90.0,1009.0,0.0
9,Roma,10/3/2021,10.0,63.0,1013.0,0.0
10,Roma,11/3/2021,9.0,61.0,1022.0,0.0
11,Roma,12/3/2021,13.0,74.0,1018.0,0.0
12,Roma,13/3/2021,14.0,74.0,1016.0,0.0
13,Roma,14/3/2021,12.0,68.0,1011.0,0.0
14,Roma,15/3/2021,9.0,61.0,1011.0,0.0
15,Roma,16/3/2021,8.0,63.0,1012.0,0.0
16,Roma,17/3/2021,7.0,60.0,1015.0,0.0
17,Roma,18/3/2021,8.0,59.0,1014.0,0.0
18,Roma,19/3/2021,7.0,61.0,1012.0,0.0
19,Roma,20/3/2021,9.0,51.0,1011.0,0.0
20,Roma,21/3/2021,9.0,44.0,1006.0,0.0
21,Roma,22/3/2021,8.0,43.0,1007.0,0.0
22,Roma,23/3/2021,8.0,36.0,1017.0,0.0
23,Roma,24/3/2021,9.0,51.0,1022.0,0.0
24,Roma,25/3/2021,10.0,72.0,1022.0,0.0
25,Roma,26/3/2021,12.0,73.0,1025.0,0.0
26,Roma,27/3/2021,13.0,74.0,1027.0,0.0
27,Roma,28/3/2021,13.0,73.0,1030.0,0.0
28,Roma,29/3/2021,13.0,69.0,1031.0,0.0
29,Roma,30/3/2021,15.0,61.0,1029.0,0.0
30,Roma,31/3/2021,15.0,57.0,1024.0,0.0
0,Roma,1/4/2021,15.0,77.0,1020.0,0.0
1,Roma,2/4/2021,14.0,82.0,1016.0,0.0
2,Roma,3/4/2021,14.0,71.0,1011.0,0.0
3,Roma,4/4/2021,14.0,64.0,1011.0,0.0
4,Roma,5/4/2021,12.0,62.0,1013.0,0.0
5,Roma,6/4/2021,12.0,72.0,1004.0,0.0
6,Roma,7/4/2021,8.0,51.0,1010.0,0.0
7,Roma,8/4/2021,8.0,38.0,1025.0,0.0
8,Roma,9/4/2021,9.0,51.0,1028.0,0.0
9,Roma,10/4/2021,12.0,63.0,1024.0,0.0
10,Roma,11/4/2021,14.0,66.0,1020.0,0.0
11,Roma,12/4/2021,13.0,82.0,1018.0,0.0
12,Roma,13/4/2021,11.0,76.0,1016.0,0.0
13,Roma,14/4/2021,10.0,74.0,1019.0,0.0
14,Roma,15/4/2021,11.0,65.0,1019.0,0.0
15,Roma,16/4/2021,11.0,65.0,1015.0,0.0
16,Roma,17/4/2021,12.0,51.0,1011.0,0.0
17,Roma,18/4/2021,10.0,75.0,1013.0,0.0
18,Roma,19/4/2021,8.0,87.0,1014.0,0.0
19,Roma,20/4/2021,11.0,71.0,1016.0,0.0
20,Roma,21/4/2021,13.0,69.0,1018.0,0.0
21,Roma,22/4/2021,13.0,78.0,1017.0,0.0
22,Roma,23/4/2021,14.0,78.0,1018.0,0.0
23,Roma,24/4/2021,15.0,56.0,1018.0,0.0
24,Roma,25/4/2021,15.0,61.0,1018.0,0.0
25,Roma,26/4/2021,16.0,51.0,1013.0,0.0
26,Roma,27/4/2021,17.0,73.0,1006.0,0.0
27,Roma,28/4/2021,16.0,84.0,1008.0,0.0
28,Roma,29/4/2021,16.0,88.0,1012.0,0.0
29,Roma,30/4/2021,19.0,73.0,1011.0,0.0
0,Roma,1/5/2021,18.0,79.0,1010.0,0.0
1,Roma,2/5/2021,15.0,74.0,1016.0,0.0
2,Roma,3/5/2021,15.0,66.0,1020.0,0.0
3,Roma,4/5/2021,13.0,72.0,1019.0,0.0
4,Roma,5/5/2021,15.0,78.0,1014.0,0.0
5,Roma,6/5/2021,17.0,67.0,1016.0,0.0
6,Roma,7/5/2021,18.0,65.0,1015.0,0.0
7,Roma,8/5/2021,18.0,66.0,1017.0,0.0
8,Roma,9/5/2021,19.0,70.0,1018.0,0.0
9,Roma,10/5/2021,20.0,58.0,1017.0,0.0
10,Roma,11/5/2021,18.0,72.0,1014.0,0.0
11,Roma,12/5/2021,16.0,77.0,1012.0,0.0
12,Roma,13/5/2021,16.0,74.0,1009.0,0.0
13,Roma,14/5/2021,15.0,75.0,1011.0,0.0
14,Roma,15/5/2021,15.0,73.0,1012.0,0.0
15,Roma,16/5/2021,18.0,68.0,1012.0,0.0
16,Roma,17/5/2021,18.0,70.0,1010.0,0.0
17,Roma,18/5/2021,16.0,65.0,1015.0,0.0
18,Roma,19/5/2021,17.0,74.0,1013.0,0.0
19,Roma,20/5/2021,17.0,53.0,1017.0,0.0
20,Roma,21/5/2021,18.0,53.0,1020.0,0.0
21,Roma,22/5/2021,19.0,45.0,1016.0,0.0
22,Roma,23/5/2021,20.0,67.0,1017.0,0.0
23,Roma,24/5/2021,21.0,67.0,1015.0,0.0
24,Roma,25/5/2021,18.0,76.0,1019.0,0.0
25,Roma,26/5/2021,18.0,65.0,1018.0,0.0
26,Roma,27/5/2021,18.0,57.0,1016.0,0.0
27,Roma,28/5/2021,20.0,55.0,1017.0,0.0
28,Roma,29/5/2021,20.0,55.0,1016.0,0.0
29,Roma,30/5/2021,19.0,73.0,1015.0,0.0
30,Roma,31/5/2021,19.0,60.0,1017.0,0.0
0,Roma,1/6/2021,19.0,60.0,1017.0,0.0
1,Roma,2/6/2021,20.0,51.0,1019.0,0.0
2,Roma,3/6/2021,23.0,39.0,1023.0,0.0
3,Roma,4/6/2021,23.0,39.0,1023.0,0.0
4,Roma,5/6/2021,22.0,54.0,1022.0,0.0
5,Roma,6/6/2021,21.0,61.0,1018.0,0.0
6,Roma,7/6/2021,20.0,78.0,1016.0,0.0
7,Roma,8/6/2021,20.0,85.0,1016.0,0.0
8,Roma,9/6/2021,20.0,77.0,1015.0,0.0
9,Roma,10/6/2021,21.0,70.0,1015.0,0.0
10,Roma,11/6/2021,22.0,68.0,1015.0,0.0
11,Roma,12/6/2021,23.0,63.0,1017.0,0.0
12,Roma,13/6/2021,24.0,58.0,1018.0,0.0
13,Roma,14/6/2021,24.0,67.0,1016.0,0.0
14,Roma,15/6/2021,23.0,67.0,1017.0,0.0
15,Roma,16/6/2021,23.0,73.0,1017.0,0.0
16,Roma,17/6/2021,24.0,68.0,1018.0,0.0
17,Roma,18/6/2021,24.0,64.0,1018.0,0.0
18,Roma,19/6/2021,25.0,54.0,1017.0,0.0
19,Roma,20/6/2021,26.0,47.0,1015.0,0.0
20,Roma,21/6/2021,28.0,45.0,1011.0,0.0
21,Roma,22/6/2021,27.0,58.0,1012.0,0.0
22,Roma,23/6/2021,27.0,66.0,1014.0,0.0
23,Roma,24/6/2021,26.0,75.0,1017.0,0.0
24,Roma,25/6/2021,25.0,70.0,1016.0,0.0
25,Roma,26/6/2021,25.0,56.0,1015.0,0.0
26,Roma,27/6/2021,27.0,48.0,1014.0,0.0
27,Roma,28/6/2021,29.0,46.0,1014.0,0.0
28,Roma,29/6/2021,27.0,70.0,1014.0,0.0
29,Roma,30/6/2021,26.0,66.0,1013.0,0.0
0,Roma,1/7/2021,25.0,64.0,1014.0,0.0
1,Roma,2/7/2021,25.0,59.0,1014.0,0.0
2,Roma,3/7/2021,26.0,55.0,1015.0,0.0
3,Roma,4/7/2021,26.0,57.0,1012.0,0.0
4,Roma,5/7/2021,26.0,66.0,1011.0,0.0
5,Roma,6/7/2021,27.0,61.0,1013.0,0.0
6,Roma,7/7/2021,28.0,57.0,1015.0,0.0
7,Roma,8/7/2021,27.0,59.0,1017.0,0.0
8,Roma,9/7/2021,27.0,65.0,1017.0,0.0
9,Roma,10/7/2021,26.0,60.0,1014.0,0.0
10,Roma,11/7/2021,26.0,57.0,1014.0,0.0
11,Roma,12/7/2021,26.0,64.0,1014.0,0.0
12,Roma,13/7/2021,26.0,58.0,1010.0,0.0
13,Roma,14/7/2021,23.0,63.0,1014.0,0.0
14,Roma,15/7/2021,23.0,66.0,1015.0,0.0
15,Roma,16/7/2021,23.0,69.0,1012.0,0.0
16,Roma,17/7/2021,22.0,68.0,1009.0,0.0
17,Roma,18/7/2021,24.0,62.0,1006.0,0.0
18,Roma,19/7/2021,26.0,57.0,1009.0,0.0
19,Roma,20/7/2021,26.0,60.0,1013.0,0.0
20,Roma,21/7/2021,27.0,51.0,1017.0,0.0
21,Roma,22/7/2021,28.0,52.0,1016.0,0.0
22,Roma,23/7/2021,28.0,50.0,1015.0,0.0
23,Roma,24/7/2021,27.0,58.0,1014.0,0.0
24,Roma,25/7/2021,28.0,40.0,1012.0,0.0
25,Roma,26/7/2021,31.0,31.0,1014.0,0.0
26,Roma,27/7/2021,29.0,33.0,1017.0,0.0
27,Roma,28/7/2021,29.0,42.0,1016.0,0.0
28,Roma,29/7/2021,29.0,46.0,1014.0,0.0
29,Roma,30/7/2021,28.0,58.0,1013.0,0.0
30,Roma,31/7/2021,29.0,52.0,1010.0,0.0
0,Roma,1/8/2021,30.0,50.0,1010.0,0.0
1,Roma,2/8/2021,25.0,61.0,1014.0,0.0
2,Roma,3/8/2021,25.0,57.0,1016.0,0.0
3,Roma,4/8/2021,26.0,60.0,1013.0,0.0
4,Roma,5/8/2021,25.0,71.0,1011.0,0.0
5,Roma,6/8/2021,26.0,63.0,1010.0,0.0
6,Roma,7/8/2021,27.0,54.0,1011.0,0.0
7,Roma,8/8/2021,29.0,54.0,1013.0,0.0
8,Roma,9/8/2021,27.0,76.0,1018.0,0.0
9,Roma,10/8/2021,29.0,54.0,1017.0,0.0
10,Roma,11/8/2021,30.0,42.0,1015.0,0.0
11,Roma,12/8/2021,30.0,45.0,1017.0,0.0
12,Roma,13/8/2021,31.0,46.0,1019.0,0.0
13,Roma,14/8/2021,31.0,43.0,1019.0,0.0
14,Roma,15/8/2021,31.0,39.0,1016.0,0.0
15,Roma,16/8/2021,29.0,47.0,1013.0,0.0
16,Roma,17/8/2021,27.0,70.0,1011.0,0.0
17,Roma,18/8/2021,26.0,70.0,1012.0,0.0
18,Roma,19/8/2021,26.0,68.0,1013.0,0.0
19,Roma,20/8/2021,26.0,63.0,1014.0,0.0
20,Roma,21/8/2021,26.0,59.0,1017.0,0.0
21,Roma,22/8/2021,28.0,54.0,1018.0,0.0
22,Roma,23/8/2021,26.0,66.0,1015.0,0.0
23,Roma,24/8/2021,24.0,69.0,1012.0,0.0
24,Roma,25/8/2021,24.0,73.0,1012.0,0.0
25,Roma,26/8/2021,25.0,68.0,1011.0,0.0
26,Roma,27/8/2021,25.0,70.0,1010.0,0.0
27,Roma,28/8/2021,24.0,62.0,1008.0,0.0
28,Roma,29/8/2021,22.0,48.0,1010.0,0.0
29,Roma,30/8/2021,22.0,48.0,1013.0,0.0
30,Roma,31/8/2021,23.0,55.0,1016.0,0.0
0,Roma,1/9/2021,24.0,58.0,1018.0,0.0
1,Roma,2/9/2021,24.0,59.0,1020.0,0.0
2,Roma,3/9/2021,24.0,65.0,1018.0,0.0
3,Roma,4/9/2021,24.0,63.0,1014.0,0.0
4,Roma,5/9/2021,24.0,63.0,1015.0,0.0
5,Roma,6/9/2021,24.0,56.0,1018.0,0.0
6,Roma,7/9/2021,24.0,53.0,1019.0,0.0
7,Roma,8/9/2021,23.0,58.0,1018.0,0.0
8,Roma,9/9/2021,23.0,58.0,1017.0,0.0
9,Roma,10/9/2021,23.0,56.0,1016.0,0.0
10,Roma,11/9/2021,25.0,54.0,1015.0,0.0
11,Roma,12/9/2021,22.0,60.0,1015.0,0.0
12,Roma,13/9/2021,23.0,61.0,1016.0,0.0
13,Roma,14/9/2021,24.0,58.0,1018.0,0.0
14,Roma,15/9/2021,24.0,60.0,1020.0,0.0
15,Roma,16/9/2021,25.0,57.0,1018.0,0.0
16,Roma,17/9/2021,25.0,72.0,1014.0,0.0
17,Roma,18/9/2021,24.0,71.0,1013.0,0.0
18,Roma,19/9/2021,23.0,72.0,1014.0,0.0
19,Roma,20/9/2021,22.0,67.0,1014.0,0.0
20,Roma,21/9/2021,22.0,68.0,1020.0,0.0
21,Roma,22/9/2021,22.0,64.0,1020.0,0.0
22,Roma,23/9/2021,21.0,60.0,1020.0,0.0
23,Roma,24/9/2021,21.0,70.0,1020.0,0.0
24,Roma,25/9/2021,23.0,68.0,1020.0,0.0
25,Roma,26/9/2021,23.0,71.0,1021.0,0.0
26,Roma,27/9/2021,24.0,78.0,1017.0,0.0
27,Roma,28/9/2021,23.0,75.0,1017.0,0.0
28,Roma,29/9/2021,23.0,70.0,1017.0,0.0
29,Roma,30/9/2021,22.0,70.0,1019.0,0.0
0,Roma,1/10/2021,22.0,64.0,1020.0,0.0
1,Roma,2/10/2021,21.0,68.0,1018.0,0.0
2,Roma,3/10/2021,21.0,66.0,1018.0,0.0
3,Roma,4/10/2021,23.0,65.0,1018.0,0.0
4,Roma,5/10/2021,20.0,72.0,1018.0,0.0
5,Roma,6/10/2021,19.0,72.0,1014.0,0.0
6,Roma,7/10/2021,16.0,75.0,1008.0,0.0
7,Roma,8/10/2021,16.0,71.0,1012.0,0.0
8,Roma,9/10/2021,17.0,66.0,1015.0,0.0
9,Roma,10/10/2021,15.0,62.0,1015.0,0.0
10,Roma,11/10/2021,13.0,69.0,1015.0,0.0
11,Roma,12/10/2021,13.0,75.0,1014.0,0.0
12,Roma,13/10/2021,15.0,65.0,1013.0,0.0
13,Roma,14/10/2021,13.0,44.0,1017.0,0.0
14,Roma,15/10/2021,13.0,46.0,1014.0,0.0
15,Roma,16/10/2021,14.0,59.0,1015.0,0.0
16,Roma,17/10/2021,14.0,71.0,1018.0,0.0
17,Roma,18/10/2021,14.0,69.0,1022.0,0.0
18,Roma,19/10/2021,15.0,64.0,1027.0,0.0
19,Roma,20/10/2021,15.0,69.0,1027.0,0.0
20,Roma,21/10/2021,18.0,76.0,1019.0,0.0
21,Roma,22/10/2021,20.0,81.0,1016.0,0.0
22,Roma,23/10/2021,18.0,85.0,1019.0,0.0
23,Roma,24/10/2021,18.0,69.0,1020.0,0.0
24,Roma,25/10/2021,16.0,61.0,1018.0,0.0
25,Roma,26/10/2021,16.0,79.0,1019.0,0.0
26,Roma,27/10/2021,16.0,79.0,1021.0,0.0
27,Roma,28/10/2021,14.0,75.0,1019.0,0.0
28,Roma,29/10/2021,14.0,72.0,1016.0,0.0
29,Roma,30/10/2021,15.0,73.0,1017.0,0.0
30,Roma,31/10/2021,16.0,73.0,1015.0,0.0
0,Roma,1/11/2021,18.0,82.0,1006.0,0.0
1,Roma,2/11/2021,16.0,80.0,1007.0,0.0
2,Roma,3/11/2021,17.0,82.0,1005.0,0.0
3,Roma,4/11/2021,14.0,80.0,1010.0,0.0
4,Roma,5/11/2021,12.0,81.0,1015.0,0.0
5,Roma,6/11/2021,14.0,82.0,1017.0,0.0
6,Roma,7/11/2021,20.0,64.0,1013.0,0.0
7,Roma,8/11/2021,16.0,90.0,1012.0,0.0
8,Roma,9/11/2021,15.0,88.0,1017.0,0.0
9,Roma,10/11/2021,18.0,74.0,1021.0,0.0
10,Roma,11/11/2021,17.0,87.0,1020.0,0.0
11,Roma,12/11/2021,16.0,81.0,1017.0,0.0
12,Roma,13/11/2021,14.0,86.0,1017.0,0.0
13,Roma,14/11/2021,13.0,87.0,1013.0,0.0
14,Roma,15/11/2021,16.0,67.0,1013.0,0.0
15,Roma,16/11/2021,13.0,94.0,1014.0,0.0
16,Roma,17/11/2021,13.0,85.0,1015.0,0.0
17,Roma,18/11/2021,13.0,82.0,1021.0,0.0
18,Roma,19/11/2021,13.0,82.0,1026.0,0.0
19,Roma,20/11/2021,11.0,84.0,1023.0,0.0
20,Roma,21/11/2021,12.0,86.0,1014.0,0.0
21,Roma,22/11/2021,14.0,85.0,1009.0,0.0
22,Roma,23/11/2021,13.0,82.0,1015.0,0.0
23,Roma,24/11/2021,13.0,70.0,1017.0,0.0
24,Roma,25/11/2021,13.0,83.0,1008.0,0.0
25,Roma,26/11/2021,11.0,87.0,999.0,0.0
26,Roma,27/11/2021,13.0,73.0,999.0,0.0
27,Roma,28/11/2021,11.0,73.0,997.0,0.0
28,Roma,29/11/2021,7.0,79.0,998.0,0.0
29,Roma,30/11/2021,6.0,63.0,1017.0,0.0
0,Roma,1/12/2021,10.0,81.0,1016.0,0.0
1,Roma,2/12/2021,12.0,85.0,1002.0,0.0
2,Roma,3/12/2021,10.0,77.0,1004.0,0.0
3,Roma,4/12/2021,9.0,75.0,1012.0,0.0
4,Roma,5/12/2021,12.0,72.0,1003.0,0.0
5,Roma,6/12/2021,6.0,79.0,1003.0,0.0
6,Roma,7/12/2021,5.0,62.0,1011.0,0.0
7,Roma,8/12/2021,10.0,72.0,1007.0,0.0
8,Roma,9/12/2021,10.0,75.0,1001.0,0.0
9,Roma,10/12/2021,7.0,83.0,1002.0,0.0
10,Roma,11/12/2021,8.0,73.0,999.0,0.0
11,Roma,12/12/2021,8.0,58.0,1016.0,0.0
12,Roma,13/12/2021,7.0,55.0,1023.0,0.0
13,Roma,14/12/2021,9.0,63.0,1022.0,0.0
14,Roma,15/12/2021,9.0,71.0,1024.0,0.0
15,Roma,16/12/2021,8.0,78.0,1026.0,0.0
16,Roma,17/12/2021,9.0,72.0,1027.0,0.0
17,Roma,18/12/2021,8.0,55.0,1027.0,0.0
18,Roma,19/12/2021,6.0,59.0,1023.0,0.0
19,Roma,20/12/2021,8.0,73.0,1018.0,0.0
20,Roma,21/12/2021,8.0,74.0,1021.0,0.0
21,Roma,22/12/2021,9.0,81.0,1022.0,0.0
22,Roma,23/12/2021,7.0,87.0,1023.0,0.0
23,Roma,24/12/2021,13.0,87.0,1018.0,0.0
24,Roma,25/12/2021,14.0,87.0,1011.0,0.0
25,Roma,26/12/2021,13.0,94.0,1008.0,0.0
26,Roma,27/12/2021,11.0,89.0,1009.0,0.0
27,Roma,28/12/2021,12.0,86.0,1009.0,0.0
28,Roma,29/12/2021,12.0,87.0,1010.0,0.0
29,Roma,30/12/2021,10.0,86.0,1017.0,0.0
30,Roma,31/12/2021,11.0,79.0,1025.0,0.0
0,Roma,1/1/2022,10.0,90.0,1026.0,0.0
1,Roma,2/1/2022,9.0,91.0,1027.0,0.0
2,Roma,3/1/2022,11.0,86.0,1022.0,0.0
3,Roma,4/1/2022,13.0,78.0,1015.0,0.0
4,Roma,5/1/2022,13.0,78.0,1005.0,0.0
5,Roma,6/1/2022,10.0,66.0,1008.0,0.0
6,Roma,7/1/2022,8.0,71.0,1014.0,0.0
7,Roma,8/1/2022,5.0,70.0,1012.0,0.0
8,Roma,9/1/2022,4.0,79.0,1004.0,0.0
9,Roma,10/1/2022,6.0,71.0,1001.0,0.0
10,Roma,11/1/2022,8.0,57.0,1012.0,0.0
11,Roma,12/1/2022,7.0,60.0,1019.0,0.0
12,Roma,13/1/2022,6.0,62.0,1029.0,0.0
13,Roma,14/1/2022,5.0,61.0,1029.0,0.0
14,Roma,15/1/2022,6.0,68.0,1024.0,0.0
15,Roma,16/1/2022,8.0,77.0,1024.0,0.0
16,Roma,17/1/2022,7.0,80.0,1025.0,0.0
17,Roma,18/1/2022,6.0,78.0,1029.0,0.0
18,Roma,19/1/2022,8.0,74.0,1029.0,0.0
19,Roma,20/1/2022,10.0,84.0,1021.0,0.0
20,Roma,21/1/2022,8.0,81.0,1019.0,0.0
21,Roma,22/1/2022,6.0,59.0,1025.0,0.0
22,Roma,23/1/2022,5.0,70.0,1028.0,0.0
23,Roma,24/1/2022,7.0,61.0,1027.0,0.0
24,Roma,25/1/2022,5.0,57.0,1030.0,0.0
25,Roma,26/1/2022,7.0,68.0,1028.0,0.0
26,Roma,27/1/2022,7.0,76.0,1027.0,0.0
27,Roma,28/1/2022,8.0,77.0,1025.0,0.0
28,Roma,29/1/2022,7.0,49.0,1028.0,0.0
29,Roma,30/1/2022,7.0,65.0,1022.0,0.0
30,Roma,31/1/2022,8.0,87.0,1010.0,0.0
0,Roma,1/2/2022,9.0,47.0,1007.0,0.0
1,Roma,2/2/2022,8.0,52.0,1012.0,0.0
2,Roma,3/2/2022,10.0,59.0,1022.0,0.0
3,Roma,4/2/2022,12.0,74.0,1019.0,0.0
4,Roma,5/2/2022,12.0,79.0,1018.0,0.0
5,Roma,6/2/2022,10.0,81.0,1022.0,0.0
6,Roma,7/2/2022,11.0,65.0,1015.0,0.0
7,Roma,8/2/2022,7.0,42.0,1029.0,0.0
8,Roma,9/2/2022,9.0,55.0,1032.0,0.0
9,Roma,10/2/2022,10.0,61.0,1028.0,0.0
10,Roma,11/2/2022,8.0,67.0,1024.0,0.0
11,Roma,12/2/2022,9.0,72.0,1024.0,0.0
12,Roma,13/2/2022,10.0,72.0,1024.0,0.0
13,Roma,14/2/2022,12.0,76.0,1019.0,0.0
14,Roma,15/2/2022,11.0,77.0,1015.0,0.0
15,Roma,16/2/2022,9.0,73.0,1016.0,0.0
16,Roma,17/2/2022,10.0,76.0,1015.0,0.0
17,Roma,18/2/2022,12.0,80.0,1018.0,0.0
18,Roma,19/2/2022,12.0,79.0,1017.0,0.0
19,Roma,20/2/2022,12.0,81.0,1018.0,0.0
20,Roma,21/2/2022,12.0,79.0,1011.0,0.0
21,Roma,22/2/2022,11.0,45.0,1012.0,0.0
22,Roma,23/2/2022,12.0,41.0,1023.0,0.0
23,Roma,24/2/2022,11.0,54.0,1023.0,0.0
24,Roma,25/2/2022,11.0,70.0,1018.0,0.0
25,Roma,26/2/2022,7.0,71.0,1014.0,0.0
26,Roma,27/2/2022,7.0,60.0,1017.0,0.0
27,Roma,28/2/2022,7.0,55.0,1021.0,0.0
0,Roma,1/3/2022,6.0,45.0,1023.0,0.0
1,Roma,2/3/2022,6.0,54.0,1022.0,0.0
2,Roma,3/3/2022,7.0,60.0,1017.0,0.0
3,Roma,4/3/2022,7.0,76.0,1012.0,0.0
4,Roma,5/3/2022,7.0,58.0,1009.0,0.0
5,Roma,6/3/2022,6.0,53.0,1012.0,0.0
6,Roma,7/3/2022,6.0,56.0,1014.0,0.0
7,Roma,8/3/2022,5.0,44.0,1016.0,0.0
8,Roma,9/3/2022,7.0,44.0,1021.0,0.0
9,Roma,10/3/2022,9.0,50.0,1023.0,0.0
10,Roma,11/3/2022,9.0,63.0,1024.0,0.0
11,Roma,12/3/2022,9.0,57.0,1024.0,0.0
12,Roma,13/3/2022,9.0,47.0,1024.0,0.0
13,Roma,14/3/2022,9.0,57.0,1030.0,0.0
14,Roma,15/3/2022,11.0,64.0,1033.0,0.0
15,Roma,16/3/2022,11.0,73.0,1026.0,0.0
16,Roma,17/3/2022,13.0,67.0,1022.0,0.0
17,Roma,18/3/2022,14.0,60.0,1025.0,0.0
18,Roma,19/3/2022,13.0,55.0,1027.0,0.0
19,Roma,20/3/2022,10.0,45.0,1031.0,0.0
20,Roma,21/3/2022,9.0,56.0,1032.0,0.0
21,Roma,22/3/2022,9.0,47.0,1031.0,0.0
22,Roma,23/3/2022,10.0,47.0,1028.0,0.0
23,Roma,24/3/2022,11.0,48.0,1027.0,0.0
24,Roma,25/3/2022,11.0,54.0,1026.0,0.0
25,Roma,26/3/2022,13.0,54.0,1024.0,0.0
26,Roma,27/3/2022,16.0,38.0,1023.0,0.0
27,Roma,28/3/2022,14.0,53.0,1023.0,0.0
28,Roma,29/3/2022,13.0,63.0,1016.0,0.0
29,Roma,30/3/2022,13.0,76.0,1004.0,0.0
30,Roma,31/3/2022,13.0,86.0,994.0,0.0
0,Roma,1/4/2022,11.0,75.0,998.0,0.0
1,Roma,2/4/2022,8.0,61.0,1003.0,0.0
2,Roma,3/4/2022,8.0,71.0,1012.0,0.0
3,Roma,4/4/2022,10.0,63.0,1016.0,0.0
4,Roma,5/4/2022,10.0,63.0,1013.0,0.0
5,Roma,6/4/2022,10.0,70.0,1010.0,0.0
6,Roma,7/4/2022,12.0,79.0,1009.0,0.0
7,Roma,8/4/2022,15.0,73.0,1012.0,0.0
8,Roma,9/4/2022,14.0,70.0,1007.0,0.0
9,Roma,10/4/2022,11.0,54.0,1014.0,0.0
10,Roma,11/4/2022,11.0,51.0,1022.0,0.0
11,Roma,12/4/2022,12.0,59.0,1020.0,0.0
12,Roma,13/4/2022,13.0,54.0,1017.0,0.0
13,Roma,14/4/2022,15.0,53.0,1016.0,0.0
14,Roma,15/4/2022,16.0,52.0,1017.0,0.0
15,Roma,16/4/2022,17.0,52.0,1012.0,0.0
16,Roma,17/4/2022,14.0,46.0,1010.0,0.0
17,Roma,18/4/2022,12.0,45.0,1011.0,0.0
18,Roma,19/4/2022,13.0,57.0,1013.0,0.0
19,Roma,20/4/2022,15.0,67.0,1011.0,0.0
20,Roma,21/4/2022,18.0,58.0,1003.0,0.0
21,Roma,22/4/2022,14.0,78.0,1001.0,0.0
22,Roma,23/4/2022,15.0,69.0,1009.0,0.0
23,Roma,24/4/2022,16.0,68.0,1009.0,0.0
24,Roma,25/4/2022,15.0,77.0,1013.0,0.0
25,Roma,26/4/2022,16.0,62.0,1016.0,0.0
26,Roma,27/4/2022,16.0,60.0,1016.0,0.0
27,Roma,28/4/2022,18.0,51.0,1017.0,0.0
28,Roma,29/4/2022,17.0,48.0,1018.0,0.0
29,Roma,30/4/2022,16.0,55.0,1018.0,0.0
0,Roma,1/5/2022,15.0,54.0,1015.0,0.0
1,Roma,2/5/2022,15.0,63.0,1012.0,0.0
2,Roma,3/5/2022,16.0,72.0,1014.0,0.0
3,Roma,4/5/2022,16.0,72.0,1018.0,0.0
4,Roma,5/5/2022,16.0,70.0,1017.0,0.0
5,Roma,6/5/2022,20.0,56.0,1011.0,0.0
6,Roma,7/5/2022,17.0,63.0,1012.0,0.0
7,Roma,8/5/2022,17.0,67.0,1015.0,0.0
8,Roma,9/5/2022,18.0,62.0,1019.0,0.0
9,Roma,10/5/2022,19.0,66.0,1020.0,0.0
10,Roma,11/5/2022,20.0,61.0,1021.0,0.0
11,Roma,12/5/2022,20.0,58.0,1022.0,0.0
12,Roma,13/5/2022,21.0,51.0,1020.0,0.0
13,Roma,14/5/2022,20.0,49.0,1019.0,0.0
14,Roma,15/5/2022,20.0,65.0,1019.0,0.0
15,Roma,16/5/2022,21.0,58.0,1020.0,0.0
16,Roma,17/5/2022,22.0,49.0,1018.0,0.0
17,Roma,18/5/2022,23.0,48.0,1018.0,0.0
18,Roma,19/5/2022,22.0,50.0,1024.0,0.0
19,Roma,20/5/2022,21.0,48.0,1027.0,0.0
20,Roma,21/5/2022,21.0,50.0,1022.0,0.0
21,Roma,22/5/2022,22.0,70.0,1015.0,0.0
22,Roma,23/5/2022,22.0,51.0,1011.0,0.0
23,Roma,24/5/2022,24.0,44.0,1009.0,0.0
24,Roma,25/5/2022,25.0,40.0,1013.0,0.0
25,Roma,26/5/2022,25.0,43.0,1017.0,0.0
26,Roma,27/5/2022,27.0,44.0,1014.0,0.0
27,Roma,28/5/2022,25.0,48.0,1007.0,0.0
28,Roma,29/5/2022,23.0,62.0,1004.0,0.0
29,Roma,30/5/2022,24.0,61.0,1009.0,0.0
30,Roma,31/5/2022,24.0,55.0,1013.0,0.0
0,Roma,1/6/2022,24.0,64.0,1016.0,0.0
1,Roma,2/6/2022,25.0,54.0,1017.0,0.0
2,Roma,3/6/2022,26.0,42.0,1017.0,0.0
3,Roma,4/6/2022,28.0,37.0,1018.0,0.0
4,Roma,5/6/2022,28.0,35.0,1017.0,0.0
5,Roma,6/6/2022,27.0,46.0,1015.0,0.0
6,Roma,7/6/2022,25.0,56.0,1012.0,0.0
7,Roma,8/6/2022,24.0,64.0,1010.0,0.0
8,Roma,9/6/2022,21.0,73.0,1006.0,0.0
9,Roma,10/6/2022,23.0,51.0,1010.0,0.0
10,Roma,11/6/2022,25.0,45.0,1015.0,0.0
11,Roma,12/6/2022,26.0,42.0,1017.0,0.0
12,Roma,13/6/2022,25.0,43.0,1015.0,0.0
13,Roma,14/6/2022,25.0,49.0,1016.0,0.0
14,Roma,15/6/2022,25.0,55.0,1018.0,0.0
15,Roma,16/6/2022,27.0,44.0,1017.0,0.0
16,Roma,17/6/2022,26.0,54.0,1018.0,0.0
17,Roma,18/6/2022,26.0,54.0,1018.0,0.0
18,Roma,19/6/2022,26.0,42.0,1016.0,0.0
19,Roma,20/6/2022,26.0,40.0,1016.0,0.0
20,Roma,21/6/2022,26.0,41.0,1016.0,0.0
21,Roma,22/6/2022,29.0,31.0,1013.0,0.0
22,Roma,23/6/2022,26.0,58.0,1014.0,0.0
23,Roma,24/6/2022,26.0,63.0,1014.0,0.0
24,Roma,25/6/2022,27.0,54.0,1015.0,0.0
25,Roma,26/6/2022,27.0,51.0,1015.0,0.0
26,Roma,27/6/2022,31.0,28.0,1015.0,0.0
27,Roma,28/6/2022,30.0,38.0,1014.0,0.0
28,Roma,29/6/2022,26.0,68.0,1013.0,0.0
29,Roma,30/6/2022,27.0,57.0,1013.0,0.0
0,Roma,1/7/2022,28.0,38.0,1014.0,0.0
1,Roma,2/7/2022,29.0,37.0,1016.0,0.0
2,Roma,3/7/2022,30.0,40.0,1016.0,0.0
3,Roma,4/7/2022,30.0,49.0,1015.0,0.0
4,Roma,5/7/2022,29.0,51.0,1015.0,0.0
5,Roma,6/7/2022,29.0,45.0,1015.0,0.0
6,Roma,7/7/2022,27.0,69.0,1014.0,0.0
7,Roma,8/7/2022,25.0,52.0,1015.0,0.0
8,Roma,9/7/2022,25.0,38.0,1017.0,0.0
9,Roma,10/7/2022,24.0,46.0,1016.0,0.0
10,Roma,11/7/2022,26.0,54.0,1017.0,0.0
11,Roma,12/7/2022,26.0,57.0,1019.0,0.0
12,Roma,13/7/2022,26.0,55.0,1020.0,0.0
13,Roma,14/7/2022,26.0,56.0,1019.0,0.0
14,Roma,15/7/2022,27.0,59.0,1015.0,0.0
15,Roma,16/7/2022,28.0,54.0,1016.0,0.0
16,Roma,17/7/2022,29.0,42.0,1018.0,0.0
17,Roma,18/7/2022,29.0,41.0,1018.0,0.0
18,Roma,19/7/2022,29.0,49.0,1018.0,0.0
19,Roma,20/7/2022,27.0,58.0,1017.0,0.0
20,Roma,21/7/2022,29.0,57.0,1017.0,0.0
21,Roma,22/7/2022,30.0,60.0,1016.0,0.0
22,Roma,23/7/2022,30.0,55.0,1017.0,0.0
23,Roma,24/7/2022,29.0,61.0,1017.0,0.0
24,Roma,25/7/2022,29.0,58.0,1014.0,0.0
25,Roma,26/7/2022,29.0,69.0,1011.0,0.0
26,Roma,27/7/2022,28.0,66.0,1010.0,0.0
27,Roma,28/7/2022,28.0,62.0,1012.0,0.0
28,Roma,29/7/2022,28.0,60.0,1014.0,0.0
29,Roma,30/7/2022,28.0,64.0,1014.0,0.0
30,Roma,31/7/2022,28.0,57.0,1014.0,0.0
0,Roma,1/8/2022,29.0,46.0,1014.0,0.0
1,Roma,2/8/2022,29.0,47.0,1014.0,0.0
2,Roma,3/8/2022,30.0,44.0,1014.0,0.0
3,Roma,4/8/2022,29.0,52.0,1015.0,0.0
4,Roma,5/8/2022,28.0,59.0,1015.0,0.0
5,Roma,6/8/2022,30.0,62.0,1012.0,0.0
6,Roma,7/8/2022,30.0,55.0,1012.0,0.0
7,Roma,8/8/2022,27.0,53.0,1013.0,0.0
8,Roma,9/8/2022,24.0,62.0,1015.0,0.0
9,Roma,10/8/2022,26.0,54.0,1015.0,0.0
10,Roma,11/8/2022,26.0,59.0,1014.0,0.0
11,Roma,12/8/2022,25.0,61.0,1012.0,0.0
12,Roma,13/8/2022,23.0,71.0,1012.0,0.0
13,Roma,14/8/2022,24.0,58.0,1010.0,0.0
14,Roma,15/8/2022,27.0,55.0,1010.0,0.0
15,Roma,16/8/2022,27.0,61.0,1010.0,0.0
16,Roma,17/8/2022,29.0,63.0,1012.0,0.0
17,Roma,18/8/2022,30.0,52.0,1009.0,0.0
18,Roma,19/8/2022,25.0,73.0,1010.0,0.0
19,Roma,20/8/2022,24.0,70.0,1012.0,0.0
20,Roma,21/8/2022,27.0,61.0,1010.0,0.0
21,Roma,22/8/2022,26.0,67.0,1008.0,0.0
22,Roma,23/8/2022,27.0,53.0,1010.0,0.0
23,Roma,24/8/2022,25.0,56.0,1013.0,0.0
24,Roma,25/8/2022,26.0,60.0,1012.0,0.0
25,Roma,26/8/2022,27.0,57.0,1010.0,0.0
26,Roma,27/8/2022,26.0,68.0,1011.0,0.0
27,Roma,28/8/2022,25.0,64.0,1014.0,0.0
28,Roma,29/8/2022,25.0,65.0,1016.0,0.0
29,Roma,30/8/2022,27.0,64.0,1017.0,0.0
30,Roma,31/8/2022,26.0,68.0,1014.0,0.0
0,Roma,1/9/2022,23.0,73.0,1011.0,0.0
1,Roma,2/9/2022,24.0,63.0,1013.0,0.0
2,Roma,3/9/2022,24.0,64.0,1015.0,0.0
3,Roma,4/9/2022,24.0,72.0,1018.0,0.0
4,Roma,5/9/2022,25.0,68.0,1021.0,0.0
5,Roma,6/9/2022,26.0,60.0,1019.0,0.0
6,Roma,7/9/2022,27.0,62.0,1017.0,0.0
7,Roma,8/9/2022,26.0,74.0,1014.0,0.0
8,Roma,9/9/2022,27.0,66.0,1014.0,0.0
9,Roma,10/9/2022,25.0,65.0,1015.0,0.0
10,Roma,11/9/2022,25.0,57.0,1014.0,0.0
11,Roma,12/9/2022,24.0,62.0,1015.0,0.0
12,Roma,13/9/2022,25.0,51.0,1015.0,0.0
13,Roma,14/9/2022,25.0,49.0,1015.0,0.0
14,Roma,15/9/2022,25.0,70.0,1012.0,0.0
15,Roma,16/9/2022,26.0,67.0,1009.0,0.0
16,Roma,17/9/2022,22.0,56.0,1005.0,0.0
17,Roma,18/9/2022,17.0,43.0,1014.0,0.0
18,Roma,19/9/2022,21.0,57.0,1013.0,0.0
19,Roma,20/9/2022,21.0,68.0,1013.0,0.0
20,Roma,21/9/2022,20.0,60.0,1016.0,0.0
21,Roma,22/9/2022,18.0,51.0,1017.0,0.0
22,Roma,23/9/2022,18.0,56.0,1019.0,0.0
23,Roma,24/9/2022,20.0,55.0,1018.0,0.0
24,Roma,25/9/2022,19.0,74.0,1012.0,0.0
25,Roma,26/9/2022,19.0,84.0,1008.0,0.0
26,Roma,27/9/2022,20.0,66.0,1004.0,0.0
27,Roma,28/9/2022,20.0,68.0,1004.0,0.0
28,Roma,29/9/2022,21.0,73.0,1004.0,0.0
29,Roma,30/9/2022,21.0,68.0,1009.0,0.0
0,Roma,1/10/2022,19.0,70.0,1018.0,0.0
1,Roma,2/10/2022,19.0,69.0,1022.0,0.0
2,Roma,3/10/2022,20.0,71.0,1017.0,0.0
3,Roma,4/10/2022,20.0,71.0,1021.0,0.0
4,Roma,5/10/2022,20.0,72.0,1025.0,0.0
5,Roma,6/10/2022,20.0,72.0,1026.0,0.0
6,Roma,7/10/2022,20.0,76.0,1023.0,0.0
7,Roma,8/10/2022,20.0,78.0,1020.0,0.0
8,Roma,9/10/2022,19.0,75.0,1019.0,0.0
9,Roma,10/10/2022,20.0,75.0,1018.0,0.0
10,Roma,11/10/2022,19.0,78.0,1019.0,0.0
11,Roma,12/10/2022,19.0,79.0,1020.0,0.0
12,Roma,13/10/2022,18.0,87.0,1018.0,0.0
13,Roma,14/10/2022,17.0,76.0,1016.0,0.0
14,Roma,15/10/2022,18.0,73.0,1017.0,0.0
15,Roma,16/10/2022,19.0,76.0,1022.0,0.0
16,Roma,17/10/2022,19.0,73.0,1027.0,0.0
17,Roma,18/10/2022,19.0,73.0,1026.0,0.0
18,Roma,19/10/2022,19.0,74.0,1020.0,0.0
19,Roma,20/10/2022,19.0,69.0,1020.0,0.0
20,Roma,21/10/2022,18.0,72.0,1022.0,0.0
21,Roma,22/10/2022,21.0,74.0,1023.0,0.0
22,Roma,23/10/2022,21.0,74.0,1024.0,0.0
23,Roma,24/10/2022,19.0,75.0,1023.0,0.0
24,Roma,25/10/2022,20.0,77.0,1021.0,0.0
25,Roma,26/10/2022,19.0,78.0,1023.0,0.0
26,Roma,27/10/2022,19.0,63.0,1026.0,0.0
27,Roma,28/10/2022,18.0,68.0,1026.0,0.0
28,Roma,29/10/2022,18.0,68.0,1025.0,0.0
29,Roma,30/10/2022,17.0,67.0,1022.0,0.0
30,Roma,31/10/2022,18.0,58.0,1022.0,0.0
0,Roma,1/11/2022,17.0,69.0,1023.0,0.0
1,Roma,2/11/2022,17.0,74.0,1023.0,0.0
2,Roma,3/11/2022,17.0,78.0,1020.0,0.0
3,Roma,4/11/2022,19.0,73.0,1007.0,0.0
4,Roma,5/11/2022,14.0,73.0,1005.0,0.0
5,Roma,6/11/2022,15.0,57.0,1013.0,0.0
6,Roma,7/11/2022,13.0,68.0,1020.0,0.0
7,Roma,8/11/2022,13.0,71.0,1021.0,0.0
8,Roma,9/11/2022,14.0,76.0,1021.0,0.0
9,Roma,10/11/2022,15.0,76.0,1023.0,0.0
10,Roma,11/11/2022,15.0,78.0,1029.0,0.0
11,Roma,12/11/2022,13.0,75.0,1026.0,0.0
12,Roma,13/11/2022,13.0,66.0,1021.0,0.0
13,Roma,14/11/2022,12.0,84.0,1020.0,0.0
14,Roma,15/11/2022,12.0,82.0,1018.0,0.0
15,Roma,16/11/2022,18.0,87.0,1006.0,0.0
16,Roma,17/11/2022,16.0,86.0,1005.0,0.0
17,Roma,18/11/2022,17.0,82.0,1003.0,0.0
18,Roma,19/11/2022,15.0,84.0,1004.0,0.0
19,Roma,20/11/2022,11.0,81.0,1008.0,0.0
20,Roma,21/11/2022,12.0,70.0,1010.0,0.0
21,Roma,22/11/2022,12.0,85.0,994.0,0.0
22,Roma,23/11/2022,11.0,74.0,1004.0,0.0
23,Roma,24/11/2022,13.0,76.0,1013.0,0.0
24,Roma,25/11/2022,11.0,82.0,1018.0,0.0
25,Roma,26/11/2022,12.0,68.0,1016.0,0.0
26,Roma,27/11/2022,10.0,62.0,1021.0,0.0
27,Roma,28/11/2022,10.0,71.0,1016.0,0.0
28,Roma,29/11/2022,10.0,69.0,1011.0,0.0
29,Roma,30/11/2022,9.0,70.0,1011.0,0.0
0,Roma,1/12/2022,8.0,75.0,1014.0,0.0
1,Roma,2/12/2022,10.0,81.0,1016.0,0.0
2,Roma,3/12/2022,12.0,84.0,1013.0,0.0
3,Roma,4/12/2022,14.0,76.0,1014.0,0.0
4,Roma,5/12/2022,15.0,77.0,1019.0,0.0
5,Roma,6/12/2022,14.0,74.0,1015.0,0.0
6,Roma,7/12/2022,12.0,85.0,1011.0,0.0
7,Roma,8/12/2022,13.0,81.0,1011.0,0.0
8,Roma,9/12/2022,16.0,83.0,1005.0,0.0
9,Roma,10/12/2022,15.0,90.0,998.0,0.0
10,Roma,11/12/2022,11.0,75.0,1001.0,0.0
11,Roma,12/12/2022,8.0,65.0,1007.0,0.0
12,Roma,13/12/2022,9.0,87.0,1005.0,0.0
13,Roma,14/12/2022,10.0,94.0,1002.0,0.0
14,Roma,15/12/2022,13.0,87.0,1006.0,0.0
15,Roma,16/12/2022,15.0,86.0,1007.0,0.0
16,Roma,17/12/2022,13.0,83.0,1017.0,0.0
17,Roma,18/12/2022,12.0,82.0,1028.0,0.0
18,Roma,19/12/2022,9.0,85.0,1032.0,0.0
19,Roma,20/12/2022,8.0,82.0,1029.0,0.0
20,Roma,21/12/2022,9.0,90.0,1022.0,0.0
21,Roma,22/12/2022,12.0,85.0,1018.0,0.0
22,Roma,23/12/2022,11.0,86.0,1017.0,0.0
23,Roma,24/12/2022,13.0,86.0,1018.0,0.0
24,Roma,25/12/2022,11.0,91.0,1024.0,0.0
25,Roma,26/12/2022,12.0,87.0,1028.0,0.0
26,Roma,27/12/2022,12.0,85.0,1027.0,0.0
27,Roma,28/12/2022,13.0,83.0,1026.0,0.0
28,Roma,29/12/2022,12.0,82.0,1025.0,0.0
29,Roma,30/12/2022,14.0,78.0,1024.0,0.0
30,Roma,31/12/2022,14.0,79.0,1030.0,0.0
0,Roma,1/1/2023,12.0,89.0,1031.0,0.0
1,Roma,2/1/2023,12.0,88.0,1030.0,0.0
2,Roma,3/1/2023,12.0,88.0,1029.0,0.0
3,Roma,4/1/2023,10.0,89.0,1029.0,0.0
4,Roma,5/1/2023,9.0,91.0,1025.0,0.0
5,Roma,6/1/2023,12.0,90.0,1024.0,0.0
6,Roma,7/1/2023,11.0,91.0,1024.0,0.0
7,Roma,8/1/2023,13.0,84.0,1020.0,0.0
8,Roma,9/1/2023,13.0,90.0,1008.0,0.0
9,Roma,10/1/2023,9.0,70.0,1014.0,0.0
10,Roma,11/1/2023,7.0,65.0,1020.0,0.0
11,Roma,12/1/2023,8.0,72.0,1020.0,0.0
12,Roma,13/1/2023,9.0,84.0,1021.0,0.0
13,Roma,14/1/2023,10.0,83.0,1021.0,0.0
14,Roma,15/1/2023,12.0,85.0,1017.0,0.0
15,Roma,16/1/2023,12.0,81.0,1005.0,0.0
16,Roma,17/1/2023,12.0,88.0,994.0,0.0
17,Roma,18/1/2023,10.0,81.0,996.0,0.0
18,Roma,19/1/2023,8.0,71.0,1002.0,0.0
19,Roma,20/1/2023,5.0,84.0,1002.0,0.0
20,Roma,21/1/2023,5.0,68.0,1004.0,0.0
21,Roma,22/1/2023,5.0,83.0,1011.0,0.0
22,Roma,23/1/2023,5.0,88.0,1015.0,0.0
23,Roma,24/1/2023,7.0,80.0,1023.0,0.0
24,Roma,25/1/2023,7.0,75.0,1018.0,0.0
25,Roma,26/1/2023,8.0,67.0,1007.0,0.0
26,Roma,27/1/2023,6.0,75.0,1006.0,0.0
27,Roma,28/1/2023,6.0,91.0,1012.0,0.0
28,Roma,29/1/2023,6.0,70.0,1020.0,0.0
29,Roma,30/1/2023,5.0,77.0,1020.0,0.0
30,Roma,31/1/2023,7.0,75.0,1021.0,0.0
0,Roma,1/2/2023,7.0,82.0,1024.0,0.0
1,Roma,2/2/2023,8.0,79.0,1023.0,0.0
2,Roma,3/2/2023,8.0,87.0,1027.0,0.0
3,Roma,4/2/2023,9.0,80.0,1021.0,0.0
4,Roma,5/2/2023,7.0,42.0,1027.0,0.0
5,Roma,6/2/2023,5.0,38.0,1027.0,0.0
6,Roma,7/2/2023,4.0,44.0,1030.0,0.0
7,Roma,8/2/2023,4.0,47.0,1030.0,0.0
8,Roma,9/2/2023,4.0,54.0,1029.0,0.0
9,Roma,10/2/2023,4.0,57.0,1031.0,0.0
10,Roma,11/2/2023,5.0,60.0,1033.0,0.0
11,Roma,12/2/2023,7.0,54.0,1031.0,0.0
12,Roma,13/2/2023,8.0,60.0,1034.0,0.0
13,Roma,14/2/2023,8.0,72.0,1032.0,0.0
14,Roma,15/2/2023,9.0,72.0,1029.0,0.0
15,Roma,16/2/2023,9.0,78.0,1031.0,0.0
16,Roma,17/2/2023,10.0,71.0,1031.0,0.0
17,Roma,18/2/2023,9.0,76.0,1030.0,0.0
18,Roma,19/2/2023,12.0,84.0,1026.0,0.0
19,Roma,20/2/2023,12.0,82.0,1026.0,0.0
20,Roma,21/2/2023,12.0,78.0,1022.0,0.0
21,Roma,22/2/2023,12.0,76.0,1018.0,0.0
22,Roma,23/2/2023,11.0,78.0,1016.0,0.0
23,Roma,24/2/2023,11.0,78.0,1013.0,0.0
24,Roma,25/2/2023,15.0,61.0,1003.0,0.0
25,Roma,26/2/2023,12.0,84.0,998.0,0.0
26,Roma,27/2/2023,10.0,81.0,1010.0,0.0
27,Roma,28/2/2023,10.0,74.0,1013.0,0.0
0,Roma,1/3/2023,10.0,74.0,1011.0,0.0
1,Roma,2/3/2023,11.0,70.0,1011.0,0.0
2,Roma,3/3/2023,10.0,73.0,1013.0,0.0
3,Roma,4/3/2023,10.0,71.0,1012.0,0.0
4,Roma,5/3/2023,10.0,73.0,1012.0,0.0
5,Roma,6/3/2023,12.0,71.0,1010.0,0.0
6,Roma,7/3/2023,11.0,77.0,1009.0,0.0
7,Roma,8/3/2023,14.0,79.0,1010.0,0.0
8,Roma,9/3/2023,15.0,71.0,1010.0,0.0
9,Roma,10/3/2023,14.0,87.0,1006.0,0.0
10,Roma,11/3/2023,15.0,65.0,1003.0,0.0
11,Roma,12/3/2023,15.0,69.0,1010.0,0.0
12,Roma,13/3/2023,14.0,74.0,1019.0,0.0
13,Roma,14/3/2023,14.0,72.0,1008.0,0.0
14,Roma,15/3/2023,13.0,65.0,1006.0,0.0
15,Roma,16/3/2023,11.0,45.0,1017.0,0.0
16,Roma,17/3/2023,10.0,59.0,1020.0,0.0
17,Roma,18/3/2023,11.0,71.0,1019.0,0.0
18,Roma,19/3/2023,12.0,79.0,1020.0,0.0
19,Roma,20/3/2023,12.0,86.0,1018.0,0.0
20,Roma,21/3/2023,13.0,80.0,1016.0,0.0
21,Roma,22/3/2023,13.0,74.0,1016.0,0.0
22,Roma,23/3/2023,14.0,71.0,1017.0,0.0
23,Roma,24/3/2023,14.0,78.0,1019.0,0.0
24,Roma,25/3/2023,14.0,76.0,1016.0,0.0
25,Roma,26/3/2023,14.0,72.0,1013.0,0.0
26,Roma,27/3/2023,12.0,78.0,1007.0,0.0
27,Roma,28/3/2023,11.0,54.0,1020.0,0.0
28,Roma,29/3/2023,11.0,64.0,1027.0,0.0
29,Roma,30/3/2023,14.0,71.0,1025.0,0.0
30,Roma,31/3/2023,15.0,70.0,1016.0,0.0
0,Roma,1/4/2023,15.0,68.0,1009.0,0.0
1,Roma,2/4/2023,13.0,73.0,1007.0,0.0
2,Roma,3/4/2023,13.0,59.0,1005.0,0.0
3,Roma,4/4/2023,11.0,58.0,1008.0,0.0
4,Roma,5/4/2023,9.0,70.0,1013.0,0.0
5,Roma,6/4/2023,9.0,66.0,1016.0,0.0
6,Roma,7/4/2023,10.0,57.0,1017.0,0.0
7,Roma,8/4/2023,10.0,73.0,1014.0,0.0
8,Roma,9/4/2023,11.0,63.0,1017.0,0.0
9,Roma,10/4/2023,12.0,52.0,1019.0,0.0
10,Roma,11/4/2023,12.0,61.0,1019.0,0.0
11,Roma,12/4/2023,14.0,72.0,1012.0,0.0
12,Roma,13/4/2023,14.0,69.0,1005.0,0.0
13,Roma,14/4/2023,11.0,70.0,1006.0,0.0
14,Roma,15/4/2023,12.0,85.0,1006.0,0.0
15,Roma,16/4/2023,12.0,69.0,1006.0,0.0
16,Roma,17/4/2023,14.0,63.0,1009.0,0.0
17,Roma,18/4/2023,13.0,78.0,1012.0,0.0
18,Roma,19/4/2023,14.0,78.0,1014.0,0.0
19,Roma,20/4/2023,14.0,74.0,1012.0,0.0
20,Roma,21/4/2023,15.0,69.0,1012.0,0.0
21,Roma,22/4/2023,16.0,63.0,1014.0,0.0
22,Roma,23/4/2023,17.0,56.0,1015.0,0.0
23,Roma,24/4/2023,16.0,76.0,1011.0,0.0
24,Roma,25/4/2023,16.0,70.0,1009.0,0.0
25,Roma,26/4/2023,15.0,64.0,1012.0,0.0
26,Roma,27/4/2023,16.0,54.0,1017.0,0.0
27,Roma,28/4/2023,16.0,46.0,1020.0,0.0
28,Roma,29/4/2023,16.0,60.0,1016.0,0.0
29,Roma,30/4/2023,17.0,81.0,1012.0,0.0
0,Roma,1/5/2023,16.0,88.0,1010.0,0.0
1,Roma,2/5/2023,16.0,89.0,1009.0,0.0
2,Roma,3/5/2023,16.0,87.0,1014.0,0.0
3,Roma,4/5/2023,17.0,73.0,1018.0,0.0
4,Roma,5/5/2023,18.0,68.0,1019.0,0.0
5,Roma,6/5/2023,18.0,77.0,1017.0,0.0
6,Roma,7/5/2023,18.0,74.0,1017.0,0.0
7,Roma,8/5/2023,16.0,85.0,1017.0,0.0
8,Roma,9/5/2023,19.0,74.0,1015.0,0.0
9,Roma,10/5/2023,17.0,80.0,1011.0,0.0
10,Roma,11/5/2023,17.0,76.0,1011.0,0.0
11,Roma,12/5/2023,16.0,69.0,1014.0,0.0
12,Roma,13/5/2023,14.0,80.0,1015.0,0.0
13,Roma,14/5/2023,16.0,83.0,1011.0,0.0
14,Roma,15/5/2023,15.0,79.0,1006.0,0.0
15,Roma,16/5/2023,14.0,88.0,998.0,0.0
16,Roma,17/5/2023,16.0,85.0,1006.0,0.0
17,Roma,18/5/2023,16.0,82.0,1014.0,0.0
18,Roma,19/5/2023,18.0,83.0,1014.0,0.0
19,Roma,20/5/2023,18.0,70.0,1008.0,0.0
20,Roma,21/5/2023,18.0,72.0,1009.0,0.0
21,Roma,22/5/2023,20.0,69.0,1011.0,0.0
22,Roma,23/5/2023,19.0,73.0,1013.0,0.0
23,Roma,24/5/2023,19.0,72.0,1014.0,0.0
24,Roma,25/5/2023,21.0,66.0,1015.0,0.0
25,Roma,26/5/2023,22.0,58.0,1016.0,0.0
26,Roma,27/5/2023,22.0,65.0,1015.0,0.0
27,Roma,28/5/2023,21.0,70.0,1013.0,0.0
28,Roma,29/5/2023,20.0,69.0,1012.0,0.0
29,Roma,30/5/2023,20.0,68.0,1013.0,0.0
30,Roma,31/5/2023,20.0,69.0,1014.0,0.0
0,Roma,1/6/2023,20.0,66.0,1015.0,0.0
1,Roma,2/6/2023,21.0,66.0,1013.0,0.0
2,Roma,3/6/2023,22.0,72.0,1015.0,0.0
3,Roma,4/6/2023,21.0,76.0,1016.0,0.0
4,Roma,5/6/2023,20.0,78.0,1016.0,0.0
5,Roma,6/6/2023,21.0,73.0,1016.0,0.0
6,Roma,7/6/2023,22.0,70.0,1016.0,0.0
7,Roma,8/6/2023,22.0,71.0,1014.0,0.0
8,Roma,9/6/2023,22.0,74.0,1014.0,0.0
9,Roma,10/6/2023,23.0,72.0,1012.0,0.0
10,Roma,11/6/2023,22.0,74.0,1011.0,0.0
11,Roma,12/6/2023,22.0,76.0,1010.0,0.0
12,Roma,13/6/2023,21.0,82.0,1010.0,0.0
13,Roma,14/6/2023,20.0,84.0,1010.0,0.0
14,Roma,15/6/2023,21.0,82.0,1010.0,0.0
15,Roma,16/6/2023,23.0,59.0,1012.0,0.0
16,Roma,17/6/2023,23.0,54.0,1014.0,0.0
17,Roma,18/6/2023,24.0,59.0,1017.0,0.0
18,Roma,19/6/2023,24.0,53.0,1018.0,0.0
19,Roma,20/6/2023,25.0,46.0,1019.0,0.0
20,Roma,21/6/2023,27.0,47.0,1019.0,0.0
21,Roma,22/6/2023,27.0,55.0,1019.0,0.0
22,Roma,23/6/2023,25.0,64.0,1017.0,0.0
23,Roma,24/6/2023,25.0,72.0,1014.0,0.0
24,Roma,25/6/2023,25.0,58.0,1014.0,0.0
25,Roma,26/6/2023,25.0,58.0,1014.0,0.0
26,Roma,27/6/2023,26.0,64.0,1014.0,0.0
27,Roma,28/6/2023,25.0,64.0,1012.0,0.0
28,Roma,29/6/2023,25.0,70.0,1014.0,0.0
29,Roma,30/6/2023,25.0,72.0,1013.0,0.0
0,Roma,1/7/2023,23.0,73.0,1009.0,0.0
1,Roma,2/7/2023,24.0,72.0,1011.0,0.0
2,Roma,3/7/2023,24.0,71.0,1014.0,0.0
3,Roma,4/7/2023,25.0,69.0,1014.0,0.0
4,Roma,5/7/2023,26.0,65.0,1015.0,0.0
5,Roma,6/7/2023,26.0,65.0,1016.0,0.0
6,Roma,7/7/2023,27.0,54.0,1019.0,0.0
7,Roma,8/7/2023,28.0,59.0,1019.0,0.0
8,Roma,9/7/2023,29.0,54.0,1020.0,0.0
9,Roma,10/7/2023,29.0,48.0,1020.0,0.0
10,Roma,11/7/2023,30.0,46.0,1019.0,0.0
11,Roma,12/7/2023,30.0,40.0,1018.0,0.0
12,Roma,13/7/2023,30.0,42.0,1016.0,0.0
13,Roma,14/7/2023,28.0,66.0,1016.0,0.0
14,Roma,15/7/2023,28.0,73.0,1017.0,0.0
15,Roma,16/7/2023,30.0,57.0,1017.0,0.0
16,Roma,17/7/2023,30.0,48.0,1018.0,0.0
17,Roma,18/7/2023,30.0,51.0,1017.0,0.0
18,Roma,19/7/2023,31.0,52.0,1013.0,0.0
19,Roma,20/7/2023,29.0,58.0,1011.0,0.0
20,Roma,21/7/2023,31.0,57.0,1011.0,0.0
21,Roma,22/7/2023,29.0,67.0,1014.0,0.0
22,Roma,23/7/2023,29.0,58.0,1017.0,0.0
23,Roma,24/7/2023,32.0,49.0,1012.0,0.0
24,Roma,25/7/2023,31.0,53.0,1005.0,0.0
25,Roma,26/7/2023,26.0,55.0,1008.0,0.0
26,Roma,27/7/2023,25.0,58.0,1014.0,0.0
27,Roma,28/7/2023,26.0,55.0,1016.0,0.0
28,Roma,29/7/2023,26.0,62.0,1015.0,0.0
29,Roma,30/7/2023,27.0,67.0,1014.0,0.0
30,Roma,31/7/2023,28.0,60.0,1012.0,0.0
0,Roma,1/8/2023,26.0,69.0,1009.0,0.0
1,Roma,2/8/2023,27.0,63.0,1008.0,0.0
2,Roma,3/8/2023,27.0,64.0,1010.0,0.0
3,Roma,4/8/2023,25.0,74.0,1009.0,0.0
4,Roma,5/8/2023,21.0,75.0,1007.0,0.0
5,Roma,6/8/2023,23.0,68.0,1008.0,0.0
6,Roma,7/8/2023,24.0,67.0,1011.0,0.0
7,Roma,8/8/2023,24.0,56.0,1016.0,0.0
8,Roma,9/8/2023,23.0,60.0,1017.0,0.0
9,Roma,10/8/2023,23.0,61.0,1018.0,0.0
10,Roma,11/8/2023,26.0,54.0,1020.0,0.0
11,Roma,12/8/2023,25.0,58.0,1019.0,0.0
12,Roma,13/8/2023,26.0,51.0,1018.0,0.0
13,Roma,14/8/2023,25.0,54.0,1017.0,0.0
14,Roma,15/8/2023,25.0,66.0,1017.0,0.0
15,Roma,16/8/2023,26.0,71.0,1017.0,0.0
16,Roma,17/8/2023,27.0,61.0,1016.0,0.0
17,Roma,18/8/2023,28.0,54.0,1015.0,0.0
18,Roma,19/8/2023,29.0,53.0,1015.0,0.0
19,Roma,20/8/2023,29.0,48.0,1015.0,0.0
20,Roma,21/8/2023,30.0,42.0,1017.0,0.0
21,Roma,22/8/2023,30.0,46.0,1015.0,0.0
22,Roma,23/8/2023,30.0,54.0,1014.0,0.0
23,Roma,24/8/2023,30.0,42.0,1015.0,0.0
24,Roma,25/8/2023,30.0,42.0,1014.0,0.0
